<?xml version="1.0" encoding="UTF-8"?><rss version="2.0"
	xmlns:content="http://purl.org/rss/1.0/modules/content/"
	xmlns:dc="http://purl.org/dc/elements/1.1/"
	xmlns:atom="http://www.w3.org/2005/Atom"
	xmlns:sy="http://purl.org/rss/1.0/modules/syndication/"
	
	>
<channel>
	<title>
	Comments for Hebron Chess &amp; BoardGames Club	</title>
	<atom:link href="/https://HebronBGChess.github.io/comments/feed/" rel="self" type="application/rss+xml" />
	<link>/https://HebronBGChess.github.io</link>
	<description>Just another WordPress site</description>
	<lastBuildDate>Sun, 19 Sep 2021 02:11:45 +0000</lastBuildDate>
	<sy:updatePeriod>
	hourly	</sy:updatePeriod>
	<sy:updateFrequency>
	1	</sy:updateFrequency>
	<generator>https://wordpress.org/?v=5.8.1</generator>
</channel>
</rss>
