<?xml version="1.0" encoding="UTF-8"?><rss version="2.0"
	xmlns:content="http://purl.org/rss/1.0/modules/content/"
	xmlns:wfw="http://wellformedweb.org/CommentAPI/"
	xmlns:dc="http://purl.org/dc/elements/1.1/"
	xmlns:atom="http://www.w3.org/2005/Atom"
	xmlns:sy="http://purl.org/rss/1.0/modules/syndication/"
	xmlns:slash="http://purl.org/rss/1.0/modules/slash/"
	>

<channel>
	<title>Hebron Chess &amp; BoardGames Club</title>
	<atom:link href="/https://HebronBGChess.github.io/feed/" rel="self" type="application/rss+xml" />
	<link>/https://HebronBGChess.github.io</link>
	<description>Just another WordPress site</description>
	<lastBuildDate>Sun, 19 Sep 2021 02:11:45 +0000</lastBuildDate>
	<language>en-US</language>
	<sy:updatePeriod>
	hourly	</sy:updatePeriod>
	<sy:updateFrequency>
	1	</sy:updateFrequency>
	<generator>https://wordpress.org/?v=5.8.1</generator>
	<item>
		<title></title>
		<link>/https://HebronBGChess.github.io/261-2/</link>
					<comments>/https://HebronBGChess.github.io/261-2/#respond</comments>
		
		<dc:creator><![CDATA[root]]></dc:creator>
		<pubDate>Sun, 19 Sep 2021 02:09:50 +0000</pubDate>
				<category><![CDATA[Uncategorized]]></category>
		<guid isPermaLink="false">/https://HebronBGChess.github.io/?p=261</guid>

					<description><![CDATA[Check here for any updates on club information.]]></description>
										<content:encoded><![CDATA[
<p>Check here for any updates on club information.</p>
]]></content:encoded>
					
					<wfw:commentRss>/https://HebronBGChess.github.io/261-2/feed/</wfw:commentRss>
			<slash:comments>0</slash:comments>
		
		
			</item>
	</channel>
</rss>
